Trial,Five_model_voting_intersection,XGBoost,GBM,Extra_Trees,Random_Forest,Decision_Tree,ALogP,Random_Top20
1,1,0.95,0.95,0.95,0.9,0.9,0.8,0.35
2,1,0.95,0.95,0.95,0.9,0.9,0.75,0.5
3,1,0.95,0.95,0.95,0.9,0.9,0.75,0.4
4,1,0.9,0.95,0.9,0.85,0.95,0.75,0.4
5,0.9,0.95,0.95,0.95,0.9,0.85,0.75,0.35
6,1,0.95,0.95,0.95,0.9,1,0.75,0.5
7,1,0.95,0.95,0.95,0.9,0.9,0.7,0.45
8,1,1,0.95,0.9,0.85,0.85,0.7,0.65
9,1,0.9,0.95,0.9,0.85,1,0.7,0.7
10,0.9,0.95,0.95,0.95,0.9,0.85,0.85,0.55
11,0.916666667,0.9,0.9,0.9,0.9,0.9,0.65,0.35
12,1,0.95,0.95,0.9,0.9,0.9,0.75,0.4
13,1,0.85,0.85,0.9,0.9,0.95,0.6,0.4
14,1,1,0.95,0.95,0.9,0.9,0.75,0.4
15,1,0.95,0.95,0.9,0.85,0.95,0.7,0.5
16,1,0.9,0.95,0.9,0.9,0.95,0.7,0.35
17,0.909090909,0.95,0.95,0.95,0.9,0.9,0.75,0.5
18,1,0.95,0.95,0.95,0.9,0.9,0.75,0.5
19,1,0.95,0.95,0.9,0.85,0.95,0.8,0.65
20,1,0.9,0.95,0.9,0.85,0.85,0.75,0.25
21,1,0.95,0.95,0.9,0.85,0.85,0.75,0.5
22,0.909090909,0.9,0.95,0.9,0.85,0.85,0.75,0.5
23,1,0.9,0.95,0.9,0.9,0.9,0.65,0.45
24,1,0.95,0.95,0.95,0.9,0.9,0.75,0.5
25,1,0.95,0.95,0.95,0.9,0.9,0.75,0.35
26,1,0.95,0.95,0.95,0.95,0.9,0.8,0.6
27,0.9,0.9,0.9,0.95,0.95,0.85,0.7,0.3
28,1,1,0.95,0.95,0.9,0.95,0.85,0.5
29,1,0.9,0.95,0.9,0.9,0.95,0.7,0.5
30,1,1,0.95,0.9,0.85,0.95,0.8,0.5
31,0.909090909,0.95,0.95,0.95,0.95,0.95,0.75,0.45
32,1,0.95,0.95,0.9,0.9,0.8,0.7,0.45
33,1,0.95,1,0.9,0.85,0.85,0.7,0.55
34,1,0.95,1,0.95,0.95,0.85,0.7,0.3
35,1,0.95,1,0.95,0.9,0.9,0.7,0.55
36,1,0.9,1,0.9,0.9,0.85,0.65,0.45
37,0.909090909,0.9,0.95,0.9,0.9,0.9,0.7,0.6
38,1,0.9,0.95,0.9,0.85,1,0.65,0.45
39,1,0.95,1,0.95,0.9,0.85,0.75,0.25
40,1,1,0.95,1,1,0.9,0.8,0.65
41,1,0.9,0.95,0.9,0.9,0.95,0.8,0.5
42,1,0.9,0.95,0.9,0.9,0.85,0.7,0.4
43,1,0.95,1,0.95,0.95,0.9,0.75,0.4
44,1,0.95,1,0.95,0.9,0.9,0.75,0.35
45,0.923076923,0.95,0.95,0.95,0.9,0.85,0.8,0.55
46,1,0.9,0.95,0.9,0.85,0.85,0.55,0.55
47,1,0.9,0.95,0.9,0.85,0.85,0.75,0.5
48,1,0.95,0.9,0.95,0.95,0.95,0.65,0.5
49,1,0.95,1,0.95,0.9,1,0.7,0.45
50,1,0.95,0.95,0.9,0.85,0.9,0.75,0.5
51,1,0.95,0.95,0.9,0.9,0.9,0.7,0.35
52,1,0.95,0.95,0.95,0.9,0.9,0.65,0.4
53,1,1,1,1,0.95,0.95,0.75,0.25
54,0.9,0.95,0.95,0.95,0.9,0.85,0.75,0.3
55,0.909090909,0.9,0.9,0.9,0.85,0.9,0.75,0.4
56,1,1,1,1,0.95,1,0.75,0.75
57,1,0.95,1,0.95,0.9,0.95,0.65,0.45
58,1,0.95,0.95,0.9,0.85,0.9,0.75,0.45
59,1,0.95,1,0.95,0.95,0.85,0.7,0.55
60,1,0.9,0.95,0.9,0.85,0.85,0.8,0.5
61,1,0.9,0.95,0.9,0.85,0.95,0.85,0.55
62,1,1,0.95,0.9,0.9,0.9,0.7,0.45
63,1,0.95,1,0.95,0.9,0.9,0.75,0.5
64,1,0.95,0.9,0.9,0.85,0.9,0.7,0.4
65,0.888888889,0.9,0.9,0.9,0.85,0.9,0.65,0.4
66,0.909090909,0.9,0.95,0.9,0.85,0.9,0.8,0.5
67,1,0.95,1,0.95,0.9,0.85,0.75,0.45
68,0.909090909,0.9,0.9,0.95,0.9,0.95,0.75,0.6
69,1,0.9,0.95,0.9,0.9,0.85,0.7,0.45
70,1,0.95,1,0.95,0.9,0.9,0.7,0.5
71,1,0.95,0.9,0.9,0.85,0.9,0.75,0.4
72,0.9,0.9,0.9,0.9,0.85,0.9,0.75,0.7
73,0.9,0.95,0.95,0.9,0.85,0.85,0.7,0.45
74,1,0.9,0.95,0.9,0.9,0.85,0.7,0.6
75,0.909090909,0.95,0.9,0.95,0.9,0.9,0.75,0.35
76,1,0.95,0.95,0.9,0.85,0.9,0.85,0.35
77,1,0.95,0.95,0.95,0.9,0.9,0.8,0.35
78,0.888888889,0.9,0.95,0.9,0.85,0.85,0.7,0.5
79,1,0.95,0.95,0.95,0.9,0.95,0.8,0.45
80,1,0.95,0.95,0.9,0.9,0.85,0.7,0.3
81,1,0.9,0.9,0.9,0.9,1,0.75,0.45
82,0.9,0.9,0.9,0.9,0.85,0.9,0.7,0.5
83,0.909090909,0.9,0.9,0.9,0.85,0.85,0.6,0.5
84,1,1,1,1,0.95,1,0.75,0.5
85,1,0.9,0.95,0.9,0.85,0.85,0.7,0.55
86,0.9,0.95,0.9,0.95,0.9,0.85,0.75,0.35
87,1,1,1,0.95,0.9,0.9,0.7,0.3
88,1,0.95,1,0.95,0.9,1,0.75,0.55
89,1,0.95,0.95,0.9,0.85,0.9,0.65,0.4
90,1,0.9,0.95,0.9,0.9,0.95,0.7,0.45
91,1,0.95,1,0.95,0.9,1,0.75,0.65
92,0.9,0.9,0.9,0.9,0.85,0.85,0.7,0.5
93,1,0.95,0.95,0.9,0.9,0.85,0.75,0.45
94,1,0.9,1,0.9,0.9,0.85,0.7,0.5
95,1,0.9,0.95,0.9,0.85,0.9,0.75,0.35
96,1,0.95,1,0.95,0.9,0.9,0.65,0.4
97,0.909090909,0.9,0.95,0.9,0.85,0.85,0.6,0.45
98,1,1,0.95,1,0.95,0.9,0.75,0.4
99,1,0.9,0.95,0.9,0.9,0.95,0.65,0.45
100,1,0.95,0.95,0.9,0.9,0.85,0.7,0.4
101,1,1,1,1,0.95,0.9,0.75,0.4
102,0.888888889,0.9,0.95,0.9,0.85,0.9,0.75,0.65
103,1,0.95,0.9,0.95,0.95,0.9,0.8,0.4
104,1,0.95,0.95,0.9,0.85,0.9,0.7,0.4
105,1,1,1,1,0.95,0.95,0.8,0.65
106,1,1,0.95,1,0.95,0.9,0.7,0.55
107,1,0.95,0.95,0.95,0.9,0.9,0.75,0.3
108,1,0.95,1,0.95,0.9,0.9,0.75,0.4
109,0.909090909,0.95,0.95,0.95,0.9,0.95,0.8,0.2
110,1,0.95,0.95,0.95,0.95,0.95,0.95,0.6
111,1,0.95,1,0.95,0.9,0.95,0.7,0.35
112,0.888888889,0.95,0.95,0.95,0.9,0.9,0.7,0.45
113,1,0.95,1,0.95,0.9,0.95,0.7,0.45
114,1,1,1,1,1,0.95,0.85,0.45
115,1,0.95,0.95,0.9,0.9,0.85,0.7,0.4
116,1,1,1,1,0.95,0.95,0.85,0.5
117,1,0.9,0.95,0.9,0.85,0.9,0.75,0.6
118,1,0.9,0.95,0.9,0.85,0.9,0.8,0.55
119,1,0.9,0.95,0.9,0.85,1,0.65,0.4
120,1,0.95,0.95,0.95,0.9,0.9,0.7,0.35
121,1,0.9,0.95,0.9,0.85,0.9,0.75,0.35
122,0.909090909,0.95,0.95,0.95,0.9,0.95,0.7,0.4
123,0.888888889,0.9,0.95,0.9,0.85,0.95,0.65,0.3
124,1,0.95,0.95,0.9,0.9,0.9,0.75,0.5
125,1,1,0.95,0.9,0.85,0.85,0.7,0.55
126,1,0.95,0.95,0.95,0.9,0.95,0.7,0.65
127,1,0.9,0.95,0.9,0.9,0.9,0.7,0.6
128,1,0.95,1,0.95,0.9,0.9,0.85,0.65
129,0.888888889,0.9,0.95,0.9,0.9,0.8,0.7,0.35
130,0.916666667,0.9,0.9,0.9,0.85,0.9,0.8,0.35
131,1,0.95,0.95,0.95,0.95,0.95,0.85,0.45
132,1,1,1,1,0.95,0.95,0.75,0.45
133,1,0.9,0.95,0.9,0.9,0.9,0.75,0.4
134,1,0.95,0.95,0.9,0.85,0.85,0.7,0.4
135,0.909090909,0.85,0.85,0.85,0.85,0.85,0.75,0.55
136,1,0.95,1,0.95,0.9,0.95,0.65,0.55
137,1,0.95,1,0.95,0.9,0.9,0.7,0.35
138,1,0.9,0.95,0.9,0.85,0.9,0.75,0.55
139,1,0.95,1,0.95,0.9,0.85,0.85,0.5
140,0.888888889,0.9,0.95,0.9,0.85,0.85,0.75,0.35
141,0.9,0.9,0.95,0.9,0.85,0.9,0.7,0.5
142,1,0.95,1,0.95,0.9,0.9,0.85,0.35
143,0.888888889,0.9,0.95,0.9,0.9,0.9,0.7,0.5
144,1,0.9,0.95,0.9,0.9,0.9,0.7,0.65
145,0.888888889,0.9,0.95,0.9,0.85,0.9,0.7,0.25
146,1,0.9,0.95,0.9,0.85,0.95,0.8,0.4
147,1,0.95,1,0.95,0.9,0.95,0.75,0.5
148,1,0.95,1,0.95,0.9,0.95,0.65,0.65
149,1,0.95,0.95,0.9,0.85,0.9,0.75,0.45
150,0.9,0.95,0.95,0.9,0.85,0.9,0.75,0.4
,,,,,,,,
,,,,,,,,
Mean,0.97649728,0.937,0.955,0.926666667,0.890666667,0.904,0.733,0.459666667
